ticker,outer_fold,date,window,model,y_true,y_pred,y_proba
AAPL,0,2020-02-07,1,XGBoost,-1,-1,0.4218958616256714
AAPL,0,2020-02-10,1,XGBoost,1,1,0.5320004820823669
AAPL,0,2020-02-11,1,XGBoost,1,-1,0.3606222867965698
AAPL,0,2020-02-12,1,XGBoost,-1,1,0.5260149240493774
AAPL,0,2020-02-13,1,XGBoost,-1,-1,0.3606222867965698
AAPL,0,2020-02-14,1,XGBoost,-1,-1,0.46315711736679077
AAPL,0,2020-02-17,1,XGBoost,-1,1,0.5891566276550293
AAPL,0,2020-02-18,1,XGBoost,-1,1,0.5398916602134705
AAPL,0,2020-02-19,1,XGBoost,-1,1,0.5891566276550293
AAPL,0,2020-02-20,1,XGBoost,-1,1,0.5320004820823669
AAPL,0,2020-02-21,1,XGBoost,1,1,0.5041369795799255
AAPL,0,2020-02-24,1,XGBoost,-1,1,0.5803312659263611
AAPL,0,2020-02-25,1,XGBoost,1,1,0.5041369795799255
AAPL,0,2020-02-26,1,XGBoost,1,-1,0.3606222867965698
AAPL,0,2020-02-27,1,XGBoost,-1,1,0.5320004820823669
AAPL,0,2020-02-28,1,XGBoost,1,-1,0.4218958616256714
AAPL,0,2020-03-02,1,XGBoost,-1,-1,0.3606222867965698
AAPL,0,2020-03-03,1,XGBoost,1,1,0.5891566276550293
AAPL,0,2020-03-04,1,XGBoost,1,-1,0.3606222867965698
AAPL,0,2020-03-05,1,XGBoost,-1,1,0.5041369795799255
AAPL,0,2020-03-06,1,XGBoost,1,1,0.5320004820823669
AAPL,0,2020-03-09,1,XGBoost,1,1,0.5891566276550293
AAPL,0,2020-03-10,1,XGBoost,1,-1,0.3606222867965698
AAPL,0,2020-03-11,1,XGBoost,-1,1,0.5803312659263611
AAPL,0,2020-03-12,1,XGBoost,-1,1,0.5803312659263611
AAPL,0,2020-03-13,1,XGBoost,-1,1,0.5260149240493774
AAPL,0,2020-03-16,1,XGBoost,1,1,0.5041369795799255
AAPL,0,2020-03-17,1,XGBoost,-1,-1,0.46315711736679077
AAPL,0,2020-03-18,1,XGBoost,1,-1,0.42959943413734436
AAPL,0,2020-03-19,1,XGBoost,-1,-1,0.48850518465042114
AAPL,0,2020-03-20,1,XGBoost,-1,1,0.5260149240493774
AAPL,0,2020-03-23,1,XGBoost,1,1,0.5320004820823669
AAPL,0,2020-03-24,1,XGBoost,1,-1,0.46315711736679077
AAPL,0,2020-03-25,1,XGBoost,1,1,0.5320004820823669
AAPL,0,2020-03-26,1,XGBoost,1,-1,0.3606222867965698
AAPL,0,2020-03-27,1,XGBoost,-1,1,0.5041369795799255
AAPL,0,2020-03-30,1,XGBoost,-1,1,0.5891566276550293
AAPL,0,2020-03-31,1,XGBoost,-1,-1,0.4218958616256714
AAPL,0,2020-04-01,1,XGBoost,1,1,0.5803312659263611
AAPL,0,2020-04-02,1,XGBoost,1,-1,0.4579390585422516
AAPL,0,2020-04-03,1,XGBoost,-1,1,0.5260149240493774
AAPL,0,2020-04-06,1,XGBoost,-1,-1,0.49238431453704834
AAPL,0,2020-04-07,1,XGBoost,1,1,0.5803312659263611
AAPL,0,2020-04-08,1,XGBoost,-1,-1,0.39177486300468445
AAPL,0,2020-04-09,1,XGBoost,-1,-1,0.4218958616256714
AAPL,0,2020-04-10,1,XGBoost,1,1,0.5803312659263611
AAPL,0,2020-04-13,1,XGBoost,1,-1,0.49238431453704834
AAPL,0,2020-04-14,1,XGBoost,1,-1,0.49238431453704834
AAPL,0,2020-04-15,1,XGBoost,-1,-1,0.46315711736679077
AAPL,0,2020-04-16,1,XGBoost,-1,-1,0.4218958616256714
AAPL,0,2020-04-17,1,XGBoost,-1,1,0.5803312659263611
AAPL,0,2020-04-20,1,XGBoost,1,-1,0.4579390585422516
AAPL,0,2020-04-21,1,XGBoost,1,1,0.5320004820823669
AAPL,0,2020-04-22,1,XGBoost,1,-1,0.49238431453704834
AAPL,0,2020-04-23,1,XGBoost,-1,1,0.5041369795799255
AAPL,0,2020-04-24,1,XGBoost,-1,-1,0.42959943413734436
AAPL,0,2020-04-27,1,XGBoost,-1,1,0.5320004820823669
AAPL,0,2020-04-28,1,XGBoost,-1,1,0.5260149240493774
AAPL,0,2020-04-29,1,XGBoost,-1,-1,0.3606222867965698
AAPL,0,2020-04-30,1,XGBoost,1,1,0.5320004820823669
AAPL,0,2020-05-01,1,XGBoost,1,1,0.5803312659263611
AAPL,0,2020-05-04,1,XGBoost,-1,1,0.5041369795799255
AAPL,0,2020-05-05,1,XGBoost,-1,-1,0.3606222867965698
AAPL,0,2020-05-06,1,XGBoost,-1,-1,0.3606222867965698
AAPL,0,2020-05-07,1,XGBoost,-1,-1,0.3606222867965698
AAPL,0,2020-05-08,1,XGBoost,1,1,0.5041369795799255
AAPL,0,2020-05-11,1,XGBoost,1,1,0.5041369795799255
AAPL,0,2020-05-12,1,XGBoost,1,1,0.5320004820823669
AAPL,0,2020-05-13,1,XGBoost,-1,1,0.5891566276550293
AAPL,0,2020-05-14,1,XGBoost,-1,-1,0.3606222867965698
AAPL,0,2020-05-15,1,XGBoost,1,-1,0.42959943413734436
AAPL,0,2020-05-18,1,XGBoost,-1,-1,0.4218958616256714
AAPL,0,2020-05-19,1,XGBoost,-1,1,0.5320004820823669
AAPL,0,2020-05-20,1,XGBoost,-1,1,0.5803312659263611
AAPL,0,2020-05-21,1,XGBoost,1,1,0.5320004820823669
AAPL,0,2020-05-22,1,XGBoost,-1,-1,0.49238431453704834
AAPL,0,2020-05-25,1,XGBoost,1,-1,0.46315711736679077
AAPL,0,2020-05-26,1,XGBoost,1,1,0.5803312659263611
AAPL,0,2020-05-27,1,XGBoost,1,1,0.5320004820823669
AAPL,0,2020-05-28,1,XGBoost,-1,-1,0.42959943413734436
AAPL,0,2020-05-29,1,XGBoost,1,-1,0.4579390585422516
AAPL,0,2020-06-01,1,XGBoost,-1,-1,0.46315711736679077
AAPL,0,2020-06-02,1,XGBoost,1,-1,0.3606222867965698
AAPL,0,2020-06-03,1,XGBoost,-1,-1,0.3606222867965698
AAPL,0,2020-06-04,1,XGBoost,-1,1,0.5803312659263611
AAPL,0,2020-06-05,1,XGBoost,-1,-1,0.4579390585422516
AAPL,0,2020-06-08,1,XGBoost,1,1,0.5320004820823669
AAPL,0,2020-06-09,1,XGBoost,-1,1,0.5260149240493774
AAPL,0,2020-06-10,1,XGBoost,-1,1,0.5398916602134705
AAPL,0,2020-06-11,1,XGBoost,1,1,0.5418382287025452
AAPL,0,2020-06-12,1,XGBoost,-1,-1,0.3606222867965698
AAPL,0,2020-06-15,1,XGBoost,1,1,0.5891566276550293
AAPL,0,2020-06-16,1,XGBoost,-1,1,0.5260149240493774
AAPL,0,2020-06-17,1,XGBoost,1,1,0.5891566276550293
AAPL,0,2020-06-18,1,XGBoost,1,-1,0.3606222867965698
AAPL,0,2020-06-19,1,XGBoost,-1,1,0.5320004820823669
AAPL,0,2020-06-22,1,XGBoost,1,-1,0.39177486300468445
AAPL,0,2020-06-23,1,XGBoost,-1,-1,0.4218958616256714
AAPL,0,2020-06-24,1,XGBoost,1,-1,0.38054198026657104
AAPL,0,2020-06-25,1,XGBoost,-1,1,0.5260149240493774
AAPL,0,2020-06-26,1,XGBoost,1,1,0.5041369795799255
AAPL,0,2020-06-29,1,XGBoost,-1,-1,0.4218958616256714
AAPL,0,2020-06-30,1,XGBoost,-1,1,0.5418382287025452
AAPL,0,2020-07-01,1,XGBoost,-1,-1,0.4218958616256714
AAPL,0,2020-07-02,1,XGBoost,-1,1,0.5320004820823669
AAPL,0,2020-07-03,1,XGBoost,-1,1,0.5320004820823669
AAPL,0,2020-07-06,1,XGBoost,1,-1,0.46315711736679077
AAPL,0,2020-07-07,1,XGBoost,1,1,0.5803312659263611
AAPL,0,2020-07-08,1,XGBoost,1,1,0.5320004820823669
AAPL,0,2020-07-09,1,XGBoost,-1,1,0.5260149240493774
AAPL,0,2020-07-10,1,XGBoost,1,-1,0.3606222867965698
AAPL,0,2020-07-13,1,XGBoost,1,1,0.5320004820823669
AAPL,0,2020-07-14,1,XGBoost,1,1,0.5803312659263611
AAPL,0,2020-07-15,1,XGBoost,1,-1,0.3606222867965698
AAPL,0,2020-07-16,1,XGBoost,1,-1,0.3606222867965698
AAPL,0,2020-07-17,1,XGBoost,-1,-1,0.46315711736679077
AAPL,0,2020-07-20,1,XGBoost,-1,1,0.5320004820823669
AAPL,0,2020-07-21,1,XGBoost,1,-1,0.38054198026657104
AAPL,0,2020-07-22,1,XGBoost,-1,-1,0.3606222867965698
AAPL,0,2020-07-23,1,XGBoost,-1,1,0.5803312659263611
AAPL,0,2020-07-24,1,XGBoost,-1,-1,0.4218958616256714
AAPL,0,2020-07-27,1,XGBoost,-1,1,0.5891566276550293
AAPL,0,2020-07-28,1,XGBoost,-1,1,0.5041369795799255
AAPL,0,2020-07-29,1,XGBoost,-1,1,0.5320004820823669
AAPL,0,2020-07-30,1,XGBoost,1,-1,0.4579390585422516
AAPL,0,2020-07-31,1,XGBoost,1,-1,0.4579390585422516
AAPL,0,2020-08-03,1,XGBoost,1,1,0.5891566276550293
AAPL,0,2020-08-04,1,XGBoost,-1,-1,0.4579390585422516
AAPL,0,2020-08-05,1,XGBoost,1,-1,0.4218958616256714
AAPL,0,2020-08-06,1,XGBoost,-1,1,0.5803312659263611
AAPL,0,2020-08-07,1,XGBoost,-1,1,0.5041369795799255
AAPL,0,2020-08-10,1,XGBoost,-1,-1,0.4218958616256714
AAPL,0,2020-08-11,1,XGBoost,1,-1,0.3606222867965698
AAPL,0,2020-08-12,1,XGBoost,-1,1,0.5803312659263611
AAPL,0,2020-08-13,1,XGBoost,1,1,0.5803312659263611
AAPL,0,2020-08-14,1,XGBoost,1,1,0.5260149240493774
AAPL,0,2020-08-17,1,XGBoost,1,-1,0.46315711736679077
AAPL,0,2020-08-18,1,XGBoost,-1,-1,0.4579390585422516
AAPL,0,2020-08-19,1,XGBoost,1,1,0.5803312659263611
AAPL,0,2020-08-20,1,XGBoost,1,-1,0.3606222867965698
AAPL,0,2020-08-21,1,XGBoost,1,1,0.5320004820823669
AAPL,0,2020-08-24,1,XGBoost,-1,-1,0.4218958616256714
AAPL,0,2020-08-25,1,XGBoost,1,-1,0.4218958616256714
AAPL,0,2020-08-26,1,XGBoost,1,-1,0.4218958616256714
AAPL,0,2020-08-27,1,XGBoost,-1,1,0.5320004820823669
AAPL,0,2020-08-28,1,XGBoost,-1,-1,0.3606222867965698
AAPL,0,2020-08-31,1,XGBoost,1,-1,0.39177486300468445
AAPL,0,2020-09-01,1,XGBoost,1,1,0.5891566276550293
AAPL,0,2020-09-02,1,XGBoost,-1,1,0.5320004820823669
AAPL,0,2020-09-03,1,XGBoost,1,1,0.5891566276550293
AAPL,0,2020-09-04,1,XGBoost,-1,1,0.5891566276550293
AAPL,0,2020-09-07,1,XGBoost,1,1,0.5320004820823669
AAPL,0,2020-09-08,1,XGBoost,1,1,0.5041369795799255
AAPL,0,2020-09-09,1,XGBoost,-1,-1,0.4218958616256714
AAPL,0,2020-09-10,1,XGBoost,1,-1,0.46315711736679077
AAPL,0,2020-09-11,1,XGBoost,1,1,0.5803312659263611
AAPL,0,2020-09-14,1,XGBoost,1,-1,0.42959943413734436
AAPL,0,2020-09-15,1,XGBoost,-1,1,0.5320004820823669
AAPL,0,2020-09-16,1,XGBoost,1,1,0.5320004820823669
AAPL,0,2020-09-17,1,XGBoost,1,1,0.5320004820823669
AAPL,0,2020-09-18,1,XGBoost,1,-1,0.49238431453704834
AAPL,0,2020-09-21,1,XGBoost,1,1,0.5320004820823669
AAPL,0,2020-09-22,1,XGBoost,-1,1,0.5041369795799255
AAPL,0,2020-09-23,1,XGBoost,1,-1,0.3606222867965698
AAPL,0,2020-09-24,1,XGBoost,1,-1,0.46315711736679077
AAPL,0,2020-09-25,1,XGBoost,1,1,0.5418382287025452
AAPL,0,2020-09-28,1,XGBoost,-1,-1,0.4218958616256714
AAPL,0,2020-09-29,1,XGBoost,1,-1,0.3606222867965698
AAPL,0,2020-09-30,1,XGBoost,1,-1,0.3606222867965698
AAPL,0,2020-10-01,1,XGBoost,1,1,0.5320004820823669
AAPL,0,2020-10-02,1,XGBoost,1,1,0.5260149240493774
AAPL,0,2020-10-05,1,XGBoost,-1,1,0.5320004820823669
AAPL,0,2020-10-06,1,XGBoost,-1,-1,0.4579390585422516
AAPL,0,2020-10-07,1,XGBoost,1,1,0.5260149240493774
AAPL,0,2020-10-08,1,XGBoost,1,-1,0.39177486300468445
AAPL,0,2020-10-09,1,XGBoost,-1,-1,0.3606222867965698
AAPL,0,2020-10-12,1,XGBoost,-1,-1,0.46315711736679077
AAPL,0,2020-10-13,1,XGBoost,1,-1,0.4348609149456024
AAPL,0,2020-10-14,1,XGBoost,-1,1,0.5891566276550293
AAPL,0,2020-10-15,1,XGBoost,-1,-1,0.3606222867965698
AAPL,0,2020-10-16,1,XGBoost,-1,1,0.5398916602134705
AAPL,0,2020-10-19,1,XGBoost,1,-1,0.3606222867965698
AAPL,0,2020-10-20,1,XGBoost,1,-1,0.49238431453704834
AAPL,0,2020-10-21,1,XGBoost,1,1,0.5803312659263611
AAPL,0,2020-10-22,1,XGBoost,-1,-1,0.46315711736679077
AAPL,0,2020-10-23,1,XGBoost,-1,-1,0.3606222867965698
AAPL,0,2020-10-26,1,XGBoost,1,-1,0.46315711736679077
AAPL,0,2020-10-27,1,XGBoost,1,-1,0.49238431453704834
AAPL,0,2020-10-28,1,XGBoost,-1,1,0.5320004820823669
AAPL,0,2020-10-29,1,XGBoost,-1,-1,0.4348609149456024
AAPL,0,2020-02-07,1,Random Forest,-1,-1,0.4295281522260596
AAPL,0,2020-02-10,1,Random Forest,1,1,0.5663733524915591
AAPL,0,2020-02-11,1,Random Forest,1,-1,0.3797864173665922
AAPL,0,2020-02-12,1,Random Forest,-1,1,0.7811287120293475
AAPL,0,2020-02-13,1,Random Forest,-1,-1,0.4038405571189667
AAPL,0,2020-02-14,1,Random Forest,-1,-1,0.4525727957796639
AAPL,0,2020-02-17,1,Random Forest,-1,1,0.6529406385918152
AAPL,0,2020-02-18,1,Random Forest,-1,1,0.5114375507276395
AAPL,0,2020-02-19,1,Random Forest,-1,1,0.5613292052212419
AAPL,0,2020-02-20,1,Random Forest,-1,-1,0.49432699577657074
AAPL,0,2020-02-21,1,Random Forest,1,1,0.5300087801873716
AAPL,0,2020-02-24,1,Random Forest,-1,1,0.7907481018365705
AAPL,0,2020-02-25,1,Random Forest,1,-1,0.3408089518430512
AAPL,0,2020-02-26,1,Random Forest,1,-1,0.34973858740186253
AAPL,0,2020-02-27,1,Random Forest,-1,1,0.5714094423299146
AAPL,0,2020-02-28,1,Random Forest,1,-1,0.43108461239094176
AAPL,0,2020-03-02,1,Random Forest,-1,-1,0.3334418730463831
AAPL,0,2020-03-03,1,Random Forest,1,1,0.6246379110490728
AAPL,0,2020-03-04,1,Random Forest,1,-1,0.34934025901697197
AAPL,0,2020-03-05,1,Random Forest,-1,-1,0.3738789789601407
AAPL,0,2020-03-06,1,Random Forest,1,-1,0.49196800036226235
AAPL,0,2020-03-09,1,Random Forest,1,1,0.6501619532154074
AAPL,0,2020-03-10,1,Random Forest,1,-1,0.35947034821311
AAPL,0,2020-03-11,1,Random Forest,-1,1,0.5337893549310718
AAPL,0,2020-03-12,1,Random Forest,-1,1,0.7907481018365705
AAPL,0,2020-03-13,1,Random Forest,-1,1,0.5569315112539855
AAPL,0,2020-03-16,1,Random Forest,1,-1,0.29282743153207186
AAPL,0,2020-03-17,1,Random Forest,-1,1,0.5496036072050167
AAPL,0,2020-03-18,1,Random Forest,1,-1,0.4485988182844846
AAPL,0,2020-03-19,1,Random Forest,-1,-1,0.4902701100533098
AAPL,0,2020-03-20,1,Random Forest,-1,1,0.7801442848911624
AAPL,0,2020-03-23,1,Random Forest,1,1,0.5714094423299146
AAPL,0,2020-03-24,1,Random Forest,1,-1,0.45285619228164825
AAPL,0,2020-03-25,1,Random Forest,1,1,0.5782662828655402
AAPL,0,2020-03-26,1,Random Forest,1,-1,0.3588307541609814
AAPL,0,2020-03-27,1,Random Forest,-1,1,0.5300087801873716
AAPL,0,2020-03-30,1,Random Forest,-1,1,0.609190471697351
AAPL,0,2020-03-31,1,Random Forest,-1,-1,0.4295281522260596
AAPL,0,2020-04-01,1,Random Forest,1,1,0.5337893549310718
AAPL,0,2020-04-02,1,Random Forest,1,-1,0.45310541052439923
AAPL,0,2020-04-03,1,Random Forest,-1,1,0.7870311472059457
AAPL,0,2020-04-06,1,Random Forest,-1,-1,0.43658461922526615
AAPL,0,2020-04-07,1,Random Forest,1,1,0.7833717458930304
AAPL,0,2020-04-08,1,Random Forest,-1,-1,0.40729802281183763
AAPL,0,2020-04-09,1,Random Forest,-1,-1,0.4295281522260596
AAPL,0,2020-04-10,1,Random Forest,1,1,0.727720586200343
AAPL,0,2020-04-13,1,Random Forest,1,-1,0.44971826398830256
AAPL,0,2020-04-14,1,Random Forest,1,-1,0.4557822619960415
AAPL,0,2020-04-15,1,Random Forest,-1,-1,0.45143446335474907
AAPL,0,2020-04-16,1,Random Forest,-1,-1,0.38489111652475433
AAPL,0,2020-04-17,1,Random Forest,-1,1,0.7589781866307306
AAPL,0,2020-04-20,1,Random Forest,1,-1,0.46522792677491703
AAPL,0,2020-04-21,1,Random Forest,1,1,0.546551263284768
AAPL,0,2020-04-22,1,Random Forest,1,-1,0.45334206221019935
AAPL,0,2020-04-23,1,Random Forest,-1,-1,0.4985559946339281
AAPL,0,2020-04-24,1,Random Forest,-1,-1,0.45273581474127506
AAPL,0,2020-04-27,1,Random Forest,-1,1,0.5600320165852469
AAPL,0,2020-04-28,1,Random Forest,-1,1,0.7811287120293475
AAPL,0,2020-04-29,1,Random Forest,-1,-1,0.3334418730463831
AAPL,0,2020-04-30,1,Random Forest,1,1,0.530636776764987
AAPL,0,2020-05-01,1,Random Forest,1,1,0.7589781866307306
AAPL,0,2020-05-04,1,Random Forest,-1,-1,0.37370212075647263
AAPL,0,2020-05-05,1,Random Forest,-1,-1,0.3797864173665922
AAPL,0,2020-05-06,1,Random Forest,-1,-1,0.3588307541609814
AAPL,0,2020-05-07,1,Random Forest,-1,-1,0.4005609760427856
AAPL,0,2020-05-08,1,Random Forest,1,-1,0.3408089518430512
AAPL,0,2020-05-11,1,Random Forest,1,-1,0.3052080475662507
AAPL,0,2020-05-12,1,Random Forest,1,1,0.5058340423731087
AAPL,0,2020-05-13,1,Random Forest,-1,1,0.6529406385918152
AAPL,0,2020-05-14,1,Random Forest,-1,-1,0.3351556178750532
AAPL,0,2020-05-15,1,Random Forest,1,-1,0.44968763254259614
AAPL,0,2020-05-18,1,Random Forest,-1,-1,0.4295281522260596
AAPL,0,2020-05-19,1,Random Forest,-1,-1,0.49306938331046835
AAPL,0,2020-05-20,1,Random Forest,-1,1,0.8045107188895322
AAPL,0,2020-05-21,1,Random Forest,1,1,0.5539896593805537
AAPL,0,2020-05-22,1,Random Forest,-1,-1,0.44963046319716105
AAPL,0,2020-05-25,1,Random Forest,1,1,0.5460136245778974
AAPL,0,2020-05-26,1,Random Forest,1,1,0.7907481018365705
AAPL,0,2020-05-27,1,Random Forest,1,1,0.580449243902743
AAPL,0,2020-05-28,1,Random Forest,-1,-1,0.4637901192276532
AAPL,0,2020-05-29,1,Random Forest,1,-1,0.4617649408179173
AAPL,0,2020-06-01,1,Random Forest,-1,-1,0.45647872937871925
AAPL,0,2020-06-02,1,Random Forest,1,-1,0.3334418730463831
AAPL,0,2020-06-03,1,Random Forest,-1,-1,0.3334418730463831
AAPL,0,2020-06-04,1,Random Forest,-1,1,0.7589781866307306
AAPL,0,2020-06-05,1,Random Forest,-1,-1,0.45310541052439923
AAPL,0,2020-06-08,1,Random Forest,1,-1,0.49306938331046835
AAPL,0,2020-06-09,1,Random Forest,-1,-1,0.4598372286465511
AAPL,0,2020-06-10,1,Random Forest,-1,1,0.5114375507276395
AAPL,0,2020-06-11,1,Random Forest,1,-1,0.37113017471435106
AAPL,0,2020-06-12,1,Random Forest,-1,-1,0.3351556178750532
AAPL,0,2020-06-15,1,Random Forest,1,1,0.5834486556884035
AAPL,0,2020-06-16,1,Random Forest,-1,1,0.784535207397095
AAPL,0,2020-06-17,1,Random Forest,1,1,0.6529406385918152
AAPL,0,2020-06-18,1,Random Forest,1,-1,0.35947034821311
AAPL,0,2020-06-19,1,Random Forest,-1,1,0.5611354265157346
AAPL,0,2020-06-22,1,Random Forest,1,-1,0.40729802281183763
AAPL,0,2020-06-23,1,Random Forest,-1,-1,0.4110177333788781
AAPL,0,2020-06-24,1,Random Forest,1,-1,0.3968491407477416
AAPL,0,2020-06-25,1,Random Forest,-1,1,0.7801442848911624
AAPL,0,2020-06-26,1,Random Forest,1,-1,0.3408089518430512
AAPL,0,2020-06-29,1,Random Forest,-1,-1,0.4339724714883649
AAPL,0,2020-06-30,1,Random Forest,-1,-1,0.37113017471435106
AAPL,0,2020-07-01,1,Random Forest,-1,-1,0.4340106221505016
AAPL,0,2020-07-02,1,Random Forest,-1,1,0.593570154602938
AAPL,0,2020-07-03,1,Random Forest,-1,1,0.5609248515276236
AAPL,0,2020-07-06,1,Random Forest,1,-1,0.44372608076306835
AAPL,0,2020-07-07,1,Random Forest,1,1,0.7907481018365705
AAPL,0,2020-07-08,1,Random Forest,1,-1,0.49196800036226235
AAPL,0,2020-07-09,1,Random Forest,-1,-1,0.4524855226853251
AAPL,0,2020-07-10,1,Random Forest,1,-1,0.3656523063469999
AAPL,0,2020-07-13,1,Random Forest,1,1,0.5838371711161922
AAPL,0,2020-07-14,1,Random Forest,1,1,0.7520151344018174
AAPL,0,2020-07-15,1,Random Forest,1,-1,0.384760397180115
AAPL,0,2020-07-16,1,Random Forest,1,-1,0.40060903830292544
AAPL,0,2020-07-17,1,Random Forest,-1,-1,0.45647872937871925
AAPL,0,2020-07-20,1,Random Forest,-1,1,0.580449243902743
AAPL,0,2020-07-21,1,Random Forest,1,-1,0.3986693340972831
AAPL,0,2020-07-22,1,Random Forest,-1,-1,0.4048335654340449
AAPL,0,2020-07-23,1,Random Forest,-1,1,0.7589781866307306
AAPL,0,2020-07-24,1,Random Forest,-1,-1,0.4340106221505016
AAPL,0,2020-07-27,1,Random Forest,-1,1,0.5775288096646415
AAPL,0,2020-07-28,1,Random Forest,-1,1,0.5138609829824161
AAPL,0,2020-07-29,1,Random Forest,-1,1,0.5714094423299146
AAPL,0,2020-07-30,1,Random Forest,1,-1,0.46522792677491703
AAPL,0,2020-07-31,1,Random Forest,1,-1,0.45495760086972187
AAPL,0,2020-08-03,1,Random Forest,1,1,0.5737443628057712
AAPL,0,2020-08-04,1,Random Forest,-1,-1,0.45495760086972187
AAPL,0,2020-08-05,1,Random Forest,1,-1,0.4094747130753308
AAPL,0,2020-08-06,1,Random Forest,-1,1,0.66246051346732
AAPL,0,2020-08-07,1,Random Forest,-1,-1,0.29282743153207186
AAPL,0,2020-08-10,1,Random Forest,-1,-1,0.4340106221505016
AAPL,0,2020-08-11,1,Random Forest,1,-1,0.35005465513006606
AAPL,0,2020-08-12,1,Random Forest,-1,1,0.7483855187594305
AAPL,0,2020-08-13,1,Random Forest,1,1,0.7907481018365705
AAPL,0,2020-08-14,1,Random Forest,1,1,0.5684156268819706
AAPL,0,2020-08-17,1,Random Forest,1,1,0.5336643133656738
AAPL,0,2020-08-18,1,Random Forest,-1,-1,0.46522792677491703
AAPL,0,2020-08-19,1,Random Forest,1,1,0.7907481018365705
AAPL,0,2020-08-20,1,Random Forest,1,-1,0.35947034821311
AAPL,0,2020-08-21,1,Random Forest,1,1,0.5426650931082805
AAPL,0,2020-08-24,1,Random Forest,-1,-1,0.38489111652475433
AAPL,0,2020-08-25,1,Random Forest,1,-1,0.4295281522260596
AAPL,0,2020-08-26,1,Random Forest,1,-1,0.3825891766210713
AAPL,0,2020-08-27,1,Random Forest,-1,1,0.5611354265157346
AAPL,0,2020-08-28,1,Random Forest,-1,-1,0.3334418730463831
AAPL,0,2020-08-31,1,Random Forest,1,-1,0.40729802281183763
AAPL,0,2020-09-01,1,Random Forest,1,1,0.6511717932496115
AAPL,0,2020-09-02,1,Random Forest,-1,1,0.5760827968840571
AAPL,0,2020-09-03,1,Random Forest,1,1,0.6529406385918152
AAPL,0,2020-09-04,1,Random Forest,-1,1,0.5613292052212419
AAPL,0,2020-09-07,1,Random Forest,1,1,0.5052708484357542
AAPL,0,2020-09-08,1,Random Forest,1,-1,0.3738789789601407
AAPL,0,2020-09-09,1,Random Forest,-1,-1,0.3825891766210713
AAPL,0,2020-09-10,1,Random Forest,1,1,0.5496036072050167
AAPL,0,2020-09-11,1,Random Forest,1,1,0.5235647706510114
AAPL,0,2020-09-14,1,Random Forest,1,-1,0.4485988182844846
AAPL,0,2020-09-15,1,Random Forest,-1,1,0.5519517425154664
AAPL,0,2020-09-16,1,Random Forest,1,1,0.5663733524915591
AAPL,0,2020-09-17,1,Random Forest,1,1,0.5704780180408161
AAPL,0,2020-09-18,1,Random Forest,1,-1,0.4539623184736637
AAPL,0,2020-09-21,1,Random Forest,1,1,0.580449243902743
AAPL,0,2020-09-22,1,Random Forest,-1,-1,0.37370212075647263
AAPL,0,2020-09-23,1,Random Forest,1,-1,0.4048335654340449
AAPL,0,2020-09-24,1,Random Forest,1,-1,0.46198438891027255
AAPL,0,2020-09-25,1,Random Forest,1,-1,0.37113017471435106
AAPL,0,2020-09-28,1,Random Forest,-1,-1,0.4295281522260596
AAPL,0,2020-09-29,1,Random Forest,1,-1,0.3614062798134389
AAPL,0,2020-09-30,1,Random Forest,1,-1,0.3981264159809072
AAPL,0,2020-10-01,1,Random Forest,1,1,0.5426650931082805
AAPL,0,2020-10-02,1,Random Forest,1,-1,0.4308681009594333
AAPL,0,2020-10-05,1,Random Forest,-1,1,0.5980504413412893
AAPL,0,2020-10-06,1,Random Forest,-1,-1,0.4505437877294284
AAPL,0,2020-10-07,1,Random Forest,1,-1,0.4598372286465511
AAPL,0,2020-10-08,1,Random Forest,1,-1,0.4079659917924899
AAPL,0,2020-10-09,1,Random Forest,-1,-1,0.3599899162195486
AAPL,0,2020-10-12,1,Random Forest,-1,1,0.5357763948881561
AAPL,0,2020-10-13,1,Random Forest,1,-1,0.39181101348400504
AAPL,0,2020-10-14,1,Random Forest,-1,1,0.6529406385918152
AAPL,0,2020-10-15,1,Random Forest,-1,-1,0.35947034821311
AAPL,0,2020-10-16,1,Random Forest,-1,1,0.5114375507276395
AAPL,0,2020-10-19,1,Random Forest,1,-1,0.3334418730463831
AAPL,0,2020-10-20,1,Random Forest,1,-1,0.45334206221019935
AAPL,0,2020-10-21,1,Random Forest,1,1,0.7713497063698962
AAPL,0,2020-10-22,1,Random Forest,-1,-1,0.4407434691688586
AAPL,0,2020-10-23,1,Random Forest,-1,-1,0.35947034821311
AAPL,0,2020-10-26,1,Random Forest,1,1,0.5460136245778974
AAPL,0,2020-10-27,1,Random Forest,1,-1,0.45334206221019935
AAPL,0,2020-10-28,1,Random Forest,-1,1,0.5682923468876452
AAPL,0,2020-10-29,1,Random Forest,-1,-1,0.41126453796468493
AAPL,1,2020-10-30,1,XGBoost,1,1,0.6149283647537231
AAPL,1,2020-11-02,1,XGBoost,1,-1,0.41331779956817627
AAPL,1,2020-11-03,1,XGBoost,-1,-1,0.49503880739212036
AAPL,1,2020-11-04,1,XGBoost,-1,1,0.565854549407959
AAPL,1,2020-11-05,1,XGBoost,-1,1,0.666348934173584
AAPL,1,2020-11-06,1,XGBoost,-1,1,0.6595692038536072
AAPL,1,2020-11-09,1,XGBoost,-1,1,0.6104972958564758
AAPL,1,2020-11-10,1,XGBoost,-1,-1,0.4684670865535736
AAPL,1,2020-11-11,1,XGBoost,1,1,0.7536603212356567
AAPL,1,2020-11-12,1,XGBoost,1,1,0.5580593943595886
AAPL,1,2020-11-13,1,XGBoost,-1,1,0.553948163986206
AAPL,1,2020-11-16,1,XGBoost,-1,1,0.673305332660675
AAPL,1,2020-11-17,1,XGBoost,1,1,0.6478964686393738
AAPL,1,2020-11-18,1,XGBoost,-1,1,0.5700511932373047
AAPL,1,2020-11-19,1,XGBoost,-1,1,0.6353117227554321
AAPL,1,2020-11-20,1,XGBoost,1,1,0.6699965000152588
AAPL,1,2020-11-23,1,XGBoost,-1,1,0.6222234964370728
AAPL,1,2020-11-24,1,XGBoost,1,1,0.6448885202407837
AAPL,1,2020-11-25,1,XGBoost,1,1,0.5591132044792175
AAPL,1,2020-11-26,1,XGBoost,1,1,0.5459769368171692
AAPL,1,2020-11-27,1,XGBoost,1,1,0.5665135383605957
AAPL,1,2020-11-30,1,XGBoost,1,1,0.5352816581726074
AAPL,1,2020-12-01,1,XGBoost,-1,-1,0.4843233823776245
AAPL,1,2020-12-02,1,XGBoost,-1,-1,0.37450936436653137
AAPL,1,2020-12-03,1,XGBoost,1,-1,0.4448238015174866
AAPL,1,2020-12-04,1,XGBoost,1,-1,0.4804733991622925
AAPL,1,2020-12-07,1,XGBoost,1,1,0.5519453883171082
AAPL,1,2020-12-08,1,XGBoost,1,-1,0.39120006561279297
AAPL,1,2020-12-09,1,XGBoost,-1,1,0.5388938188552856
AAPL,1,2020-12-10,1,XGBoost,1,-1,0.4359451234340668
AAPL,1,2020-12-11,1,XGBoost,1,-1,0.3645397126674652
AAPL,1,2020-12-14,1,XGBoost,1,-1,0.4142420291900635
AAPL,1,2020-12-15,1,XGBoost,-1,-1,0.46731266379356384
AAPL,1,2020-12-16,1,XGBoost,1,-1,0.27590617537498474
AAPL,1,2020-12-17,1,XGBoost,1,1,0.5760132670402527
AAPL,1,2020-12-18,1,XGBoost,1,-1,0.41848137974739075
AAPL,1,2020-12-21,1,XGBoost,1,-1,0.37450936436653137
AAPL,1,2020-12-22,1,XGBoost,1,-1,0.44897401332855225
AAPL,1,2020-12-23,1,XGBoost,1,-1,0.321321040391922
AAPL,1,2020-12-24,1,XGBoost,1,-1,0.33152833580970764
AAPL,1,2020-12-25,1,XGBoost,1,-1,0.2911972105503082
AAPL,1,2020-12-28,1,XGBoost,1,-1,0.3736042380332947
AAPL,1,2020-12-29,1,XGBoost,-1,-1,0.48490846157073975
AAPL,1,2020-12-30,1,XGBoost,-1,-1,0.4603169560432434
AAPL,1,2020-12-31,1,XGBoost,-1,-1,0.24836942553520203
AAPL,1,2021-01-01,1,XGBoost,-1,-1,0.3560061454772949
AAPL,1,2021-01-04,1,XGBoost,-1,-1,0.41193071007728577
AAPL,1,2021-01-05,1,XGBoost,1,-1,0.393954873085022
AAPL,1,2021-01-06,1,XGBoost,-1,-1,0.416869580745697
AAPL,1,2021-01-07,1,XGBoost,1,-1,0.3366508483886719
AAPL,1,2021-01-08,1,XGBoost,1,-1,0.4418094754219055
AAPL,1,2021-01-11,1,XGBoost,1,-1,0.39135992527008057
AAPL,1,2021-01-12,1,XGBoost,-1,1,0.5859829783439636
AAPL,1,2021-01-13,1,XGBoost,1,-1,0.4625915288925171
AAPL,1,2021-01-14,1,XGBoost,1,1,0.6012462377548218
AAPL,1,2021-01-15,1,XGBoost,1,1,0.5816649794578552
AAPL,1,2021-01-18,1,XGBoost,-1,1,0.582181453704834
AAPL,1,2021-01-19,1,XGBoost,-1,-1,0.38822847604751587
AAPL,1,2021-01-20,1,XGBoost,1,-1,0.47612130641937256
AAPL,1,2021-01-21,1,XGBoost,-1,1,0.6016660928726196
AAPL,1,2021-01-22,1,XGBoost,-1,-1,0.46569398045539856
AAPL,1,2021-01-25,1,XGBoost,1,1,0.5467286705970764
AAPL,1,2021-01-26,1,XGBoost,1,1,0.6408326029777527
AAPL,1,2021-01-27,1,XGBoost,1,1,0.6020130515098572
AAPL,1,2021-01-28,1,XGBoost,1,1,0.6559777855873108
AAPL,1,2021-01-29,1,XGBoost,-1,1,0.5290786623954773
AAPL,1,2021-02-01,1,XGBoost,-1,1,0.5477785468101501
AAPL,1,2021-02-02,1,XGBoost,1,1,0.6235809922218323
AAPL,1,2021-02-03,1,XGBoost,1,1,0.5697832703590393
AAPL,1,2021-02-04,1,XGBoost,1,1,0.5790858268737793
AAPL,1,2021-02-05,1,XGBoost,-1,-1,0.45021796226501465
AAPL,1,2021-02-08,1,XGBoost,1,-1,0.42004677653312683
AAPL,1,2021-02-09,1,XGBoost,-1,1,0.5325552821159363
AAPL,1,2021-02-10,1,XGBoost,-1,1,0.6072821617126465
AAPL,1,2021-02-11,1,XGBoost,-1,-1,0.48836463689804077
AAPL,1,2021-02-12,1,XGBoost,1,1,0.6095748543739319
AAPL,1,2021-02-15,1,XGBoost,1,1,0.6937577724456787
AAPL,1,2021-02-16,1,XGBoost,1,1,0.6297039985656738
AAPL,1,2021-02-17,1,XGBoost,1,1,0.6478707194328308
AAPL,1,2021-02-18,1,XGBoost,1,1,0.5554460883140564
AAPL,1,2021-02-19,1,XGBoost,1,1,0.5769935250282288
AAPL,1,2021-02-22,1,XGBoost,1,1,0.5110876560211182
AAPL,1,2021-02-23,1,XGBoost,-1,-1,0.4458206593990326
AAPL,1,2021-02-24,1,XGBoost,-1,-1,0.3656611144542694
AAPL,1,2021-02-25,1,XGBoost,-1,-1,0.47440260648727417
AAPL,1,2021-02-26,1,XGBoost,1,-1,0.4502513110637665
AAPL,1,2021-03-01,1,XGBoost,1,-1,0.39384058117866516
AAPL,1,2021-03-02,1,XGBoost,-1,-1,0.4773832857608795
AAPL,1,2021-03-03,1,XGBoost,-1,1,0.6559243202209473
AAPL,1,2021-03-04,1,XGBoost,-1,1,0.5619235038757324
AAPL,1,2021-03-05,1,XGBoost,1,1,0.5999879837036133
AAPL,1,2021-03-08,1,XGBoost,1,-1,0.46416011452674866
AAPL,1,2021-03-09,1,XGBoost,-1,-1,0.4983506500720978
AAPL,1,2021-03-10,1,XGBoost,1,1,0.5610129833221436
AAPL,1,2021-03-11,1,XGBoost,1,-1,0.4853084981441498
AAPL,1,2021-03-12,1,XGBoost,1,-1,0.38399651646614075
AAPL,1,2021-03-15,1,XGBoost,1,-1,0.4840138852596283
AAPL,1,2021-03-16,1,XGBoost,-1,-1,0.36357301473617554
AAPL,1,2021-03-17,1,XGBoost,-1,-1,0.4771821200847626
AAPL,1,2021-03-18,1,XGBoost,-1,1,0.5207319855690002
AAPL,1,2021-03-19,1,XGBoost,1,-1,0.35677602887153625
AAPL,1,2021-03-22,1,XGBoost,1,-1,0.4580668807029724
AAPL,1,2021-03-23,1,XGBoost,-1,1,0.5738984942436218
AAPL,1,2021-03-24,1,XGBoost,1,-1,0.4848622679710388
AAPL,1,2021-03-25,1,XGBoost,1,-1,0.40427806973457336
AAPL,1,2021-03-26,1,XGBoost,1,-1,0.4454667866230011
AAPL,1,2021-03-29,1,XGBoost,-1,-1,0.48007458448410034
AAPL,1,2021-03-30,1,XGBoost,-1,-1,0.3404829204082489
AAPL,1,2021-03-31,1,XGBoost,-1,-1,0.30273890495300293
AAPL,1,2021-04-01,1,XGBoost,1,-1,0.2860047221183777
AAPL,1,2021-04-02,1,XGBoost,1,-1,0.35006994009017944
AAPL,1,2021-04-05,1,XGBoost,-1,1,0.5226619839668274
AAPL,1,2021-04-06,1,XGBoost,-1,1,0.6132047772407532
AAPL,1,2021-04-07,1,XGBoost,-1,1,0.5795031189918518
AAPL,1,2021-04-08,1,XGBoost,-1,1,0.6214055418968201
AAPL,1,2021-04-09,1,XGBoost,1,1,0.6004067659378052
AAPL,1,2021-04-12,1,XGBoost,-1,1,0.5411036610603333
AAPL,1,2021-04-13,1,XGBoost,-1,1,0.6462666988372803
AAPL,1,2021-04-14,1,XGBoost,-1,1,0.5579341650009155
AAPL,1,2021-04-15,1,XGBoost,1,1,0.5179636478424072
AAPL,1,2021-04-16,1,XGBoost,-1,-1,0.4747197926044464
AAPL,1,2021-04-19,1,XGBoost,1,1,0.5979756116867065
AAPL,1,2021-04-20,1,XGBoost,1,1,0.6150854825973511
AAPL,1,2021-04-21,1,XGBoost,-1,-1,0.47539493441581726
AAPL,1,2021-04-22,1,XGBoost,1,-1,0.46890515089035034
AAPL,1,2021-04-23,1,XGBoost,-1,1,0.5165179371833801
AAPL,1,2021-04-26,1,XGBoost,-1,1,0.5088890790939331
AAPL,1,2021-04-27,1,XGBoost,-1,1,0.6417630314826965
AAPL,1,2021-04-28,1,XGBoost,1,1,0.6952124834060669
AAPL,1,2021-04-29,1,XGBoost,1,1,0.5996351838111877
AAPL,1,2021-04-30,1,XGBoost,1,-1,0.49547383189201355
AAPL,1,2021-05-03,1,XGBoost,1,1,0.6407671570777893
AAPL,1,2021-05-04,1,XGBoost,1,-1,0.46263474225997925
AAPL,1,2021-05-05,1,XGBoost,-1,-1,0.40565064549446106
AAPL,1,2021-05-06,1,XGBoost,-1,-1,0.39293715357780457
AAPL,1,2021-05-07,1,XGBoost,1,-1,0.44481709599494934
AAPL,1,2021-05-10,1,XGBoost,1,-1,0.4808710515499115
AAPL,1,2021-05-11,1,XGBoost,1,-1,0.38685154914855957
AAPL,1,2021-05-12,1,XGBoost,1,1,0.5289678573608398
AAPL,1,2021-05-13,1,XGBoost,1,-1,0.45054736733436584
AAPL,1,2021-05-14,1,XGBoost,1,-1,0.42501094937324524
AAPL,1,2021-05-17,1,XGBoost,-1,-1,0.33861875534057617
AAPL,1,2021-05-18,1,XGBoost,-1,-1,0.3609112501144409
AAPL,1,2021-05-19,1,XGBoost,-1,-1,0.32334885001182556
AAPL,1,2021-05-20,1,XGBoost,1,-1,0.41817736625671387
AAPL,1,2021-05-21,1,XGBoost,1,-1,0.37855684757232666
AAPL,1,2021-05-24,1,XGBoost,1,-1,0.39084121584892273
AAPL,1,2021-05-25,1,XGBoost,1,-1,0.36948177218437195
AAPL,1,2021-05-26,1,XGBoost,1,-1,0.22553344070911407
AAPL,1,2021-05-27,1,XGBoost,1,-1,0.39776769280433655
AAPL,1,2021-05-28,1,XGBoost,1,-1,0.25618842244148254
AAPL,1,2021-05-31,1,XGBoost,-1,-1,0.3343188464641571
AAPL,1,2021-06-01,1,XGBoost,1,-1,0.3715801537036896
AAPL,1,2021-06-02,1,XGBoost,1,-1,0.3588111400604248
AAPL,1,2021-06-03,1,XGBoost,-1,-1,0.37247127294540405
AAPL,1,2021-06-04,1,XGBoost,-1,-1,0.2089444249868393
AAPL,1,2021-06-07,1,XGBoost,-1,-1,0.37657326459884644
AAPL,1,2021-06-08,1,XGBoost,1,1,0.5086702108383179
AAPL,1,2021-06-09,1,XGBoost,-1,1,0.5342003703117371
AAPL,1,2021-06-10,1,XGBoost,1,1,0.595758318901062
AAPL,1,2021-06-11,1,XGBoost,1,-1,0.48598214983940125
AAPL,1,2021-06-14,1,XGBoost,1,1,0.5987496376037598
AAPL,1,2021-06-15,1,XGBoost,1,-1,0.450135201215744
AAPL,1,2021-06-16,1,XGBoost,-1,-1,0.4812767803668976
AAPL,1,2021-06-17,1,XGBoost,-1,1,0.5652583241462708
AAPL,1,2021-06-18,1,XGBoost,1,1,0.5460283756256104
AAPL,1,2021-06-21,1,XGBoost,-1,1,0.5198671221733093
AAPL,1,2021-06-22,1,XGBoost,1,-1,0.35449865460395813
AAPL,1,2021-06-23,1,XGBoost,1,-1,0.4266964793205261
AAPL,1,2021-06-24,1,XGBoost,-1,-1,0.37819400429725647
AAPL,1,2021-06-25,1,XGBoost,-1,1,0.5805148482322693
AAPL,1,2021-06-28,1,XGBoost,1,-1,0.4998106360435486
AAPL,1,2021-06-29,1,XGBoost,1,-1,0.4317745864391327
AAPL,1,2021-06-30,1,XGBoost,-1,-1,0.4961276650428772
AAPL,1,2021-07-01,1,XGBoost,-1,1,0.5551840662956238
AAPL,1,2021-07-02,1,XGBoost,-1,1,0.5192959308624268
AAPL,1,2021-07-05,1,XGBoost,-1,1,0.5187329649925232
AAPL,1,2021-07-06,1,XGBoost,-1,-1,0.4562900960445404
AAPL,1,2021-07-07,1,XGBoost,1,1,0.5888209342956543
AAPL,1,2021-07-08,1,XGBoost,-1,1,0.5325635671615601
AAPL,1,2021-07-09,1,XGBoost,-1,-1,0.4658733010292053
AAPL,1,2021-07-12,1,XGBoost,1,1,0.5975521206855774
AAPL,1,2021-07-13,1,XGBoost,-1,1,0.6974982023239136
AAPL,1,2021-07-14,1,XGBoost,1,1,0.606841504573822
AAPL,1,2021-07-15,1,XGBoost,-1,1,0.5013543367385864
AAPL,1,2021-07-16,1,XGBoost,-1,-1,0.474857896566391
AAPL,1,2021-07-19,1,XGBoost,-1,-1,0.39770254492759705
AAPL,1,2021-07-20,1,XGBoost,1,-1,0.3497565686702728
AAPL,1,2021-07-21,1,XGBoost,1,-1,0.4243890345096588
AAPL,1,2021-07-22,1,XGBoost,1,-1,0.4034939110279083
AAPL,1,2021-07-23,1,XGBoost,-1,-1,0.3973856568336487
AAPL,1,2020-10-30,1,Random Forest,1,1,0.6599660761836605
AAPL,1,2020-11-02,1,Random Forest,1,-1,0.42613443349166735
AAPL,1,2020-11-03,1,Random Forest,-1,1,0.5514483682575441
AAPL,1,2020-11-04,1,Random Forest,-1,1,0.5559805819376862
AAPL,1,2020-11-05,1,Random Forest,-1,1,0.683377888743737
AAPL,1,2020-11-06,1,Random Forest,-1,1,0.6021369154282963
AAPL,1,2020-11-09,1,Random Forest,-1,1,0.6231802554425678
AAPL,1,2020-11-10,1,Random Forest,-1,-1,0.4564677748472717
AAPL,1,2020-11-11,1,Random Forest,1,1,0.6846243969420561
AAPL,1,2020-11-12,1,Random Forest,1,1,0.5321801101561223
AAPL,1,2020-11-13,1,Random Forest,-1,1,0.5357453475837962
AAPL,1,2020-11-16,1,Random Forest,-1,1,0.6121945286791343
AAPL,1,2020-11-17,1,Random Forest,1,1,0.546791846816295
AAPL,1,2020-11-18,1,Random Forest,-1,1,0.534175816160285
AAPL,1,2020-11-19,1,Random Forest,-1,1,0.5347970652591242
AAPL,1,2020-11-20,1,Random Forest,1,1,0.6869431408665478
AAPL,1,2020-11-23,1,Random Forest,-1,1,0.5755660275167495
AAPL,1,2020-11-24,1,Random Forest,1,1,0.6950470064909756
AAPL,1,2020-11-25,1,Random Forest,1,-1,0.4965983283284277
AAPL,1,2020-11-26,1,Random Forest,1,1,0.5381182315674198
AAPL,1,2020-11-27,1,Random Forest,1,1,0.6007539037617795
AAPL,1,2020-11-30,1,Random Forest,1,1,0.5345520987586574
AAPL,1,2020-12-01,1,Random Forest,-1,-1,0.452821527031803
AAPL,1,2020-12-02,1,Random Forest,-1,-1,0.3681824971783336
AAPL,1,2020-12-03,1,Random Forest,1,-1,0.4199106986237833
AAPL,1,2020-12-04,1,Random Forest,1,1,0.5079030832767686
AAPL,1,2020-12-07,1,Random Forest,1,1,0.5921804220381796
AAPL,1,2020-12-08,1,Random Forest,1,-1,0.38793625614231436
AAPL,1,2020-12-09,1,Random Forest,-1,1,0.5081049553653141
AAPL,1,2020-12-10,1,Random Forest,1,-1,0.45932042123235245
AAPL,1,2020-12-11,1,Random Forest,1,-1,0.37634901765979795
AAPL,1,2020-12-14,1,Random Forest,1,-1,0.41314443560451386
AAPL,1,2020-12-15,1,Random Forest,-1,-1,0.45224403215268555
AAPL,1,2020-12-16,1,Random Forest,1,-1,0.21057428560167202
AAPL,1,2020-12-17,1,Random Forest,1,1,0.5038795903327338
AAPL,1,2020-12-18,1,Random Forest,1,-1,0.36837520396276746
AAPL,1,2020-12-21,1,Random Forest,1,-1,0.2895316294052813
AAPL,1,2020-12-22,1,Random Forest,1,-1,0.4068754792370351
AAPL,1,2020-12-23,1,Random Forest,1,-1,0.32113666261925716
AAPL,1,2020-12-24,1,Random Forest,1,-1,0.29691792484816987
AAPL,1,2020-12-25,1,Random Forest,1,-1,0.28432868278331586
AAPL,1,2020-12-28,1,Random Forest,1,-1,0.395542505435805
AAPL,1,2020-12-29,1,Random Forest,-1,-1,0.4547233400502749
AAPL,1,2020-12-30,1,Random Forest,-1,-1,0.4233156928037829
AAPL,1,2020-12-31,1,Random Forest,-1,-1,0.24373839385453233
AAPL,1,2021-01-01,1,Random Forest,-1,-1,0.4063400457486383
AAPL,1,2021-01-04,1,Random Forest,-1,-1,0.3319683255686601
AAPL,1,2021-01-05,1,Random Forest,1,-1,0.3290565615172345
AAPL,1,2021-01-06,1,Random Forest,-1,-1,0.42349163550747115
AAPL,1,2021-01-07,1,Random Forest,1,-1,0.362637130562753
AAPL,1,2021-01-08,1,Random Forest,1,-1,0.4805843852883696
AAPL,1,2021-01-11,1,Random Forest,1,-1,0.41741256884001177
AAPL,1,2021-01-12,1,Random Forest,-1,1,0.6233045669908537
AAPL,1,2021-01-13,1,Random Forest,1,1,0.5527708205125925
AAPL,1,2021-01-14,1,Random Forest,1,1,0.5718738082833243
AAPL,1,2021-01-15,1,Random Forest,1,1,0.547614075206722
AAPL,1,2021-01-18,1,Random Forest,-1,1,0.5527237079016594
AAPL,1,2021-01-19,1,Random Forest,-1,-1,0.4598773032198433
AAPL,1,2021-01-20,1,Random Forest,1,-1,0.43818168253597856
AAPL,1,2021-01-21,1,Random Forest,-1,1,0.5701311794070083
AAPL,1,2021-01-22,1,Random Forest,-1,-1,0.4108349758255402
AAPL,1,2021-01-25,1,Random Forest,1,1,0.5039860812447193
AAPL,1,2021-01-26,1,Random Forest,1,1,0.6033882479318258
AAPL,1,2021-01-27,1,Random Forest,1,1,0.5268163091011667
AAPL,1,2021-01-28,1,Random Forest,1,1,0.6435318466138303
AAPL,1,2021-01-29,1,Random Forest,-1,1,0.5173044698722006
AAPL,1,2021-02-01,1,Random Forest,-1,-1,0.49152557625899057
AAPL,1,2021-02-02,1,Random Forest,1,1,0.5893744621763201
AAPL,1,2021-02-03,1,Random Forest,1,1,0.5698158667028603
AAPL,1,2021-02-04,1,Random Forest,1,1,0.5833988413870466
AAPL,1,2021-02-05,1,Random Forest,-1,-1,0.4852773197614615
AAPL,1,2021-02-08,1,Random Forest,1,-1,0.36938253721520703
AAPL,1,2021-02-09,1,Random Forest,-1,-1,0.42449069258690125
AAPL,1,2021-02-10,1,Random Forest,-1,1,0.5796171397160969
AAPL,1,2021-02-11,1,Random Forest,-1,-1,0.4732483741762904
AAPL,1,2021-02-12,1,Random Forest,1,1,0.5734926104884193
AAPL,1,2021-02-15,1,Random Forest,1,1,0.6849470307448157
AAPL,1,2021-02-16,1,Random Forest,1,1,0.5863716559606583
AAPL,1,2021-02-17,1,Random Forest,1,1,0.6424514523122689
AAPL,1,2021-02-18,1,Random Forest,1,1,0.5268218082139898
AAPL,1,2021-02-19,1,Random Forest,1,-1,0.470491075359699
AAPL,1,2021-02-22,1,Random Forest,1,1,0.5235670411726965
AAPL,1,2021-02-23,1,Random Forest,-1,-1,0.3850051499168486
AAPL,1,2021-02-24,1,Random Forest,-1,-1,0.3259253971230439
AAPL,1,2021-02-25,1,Random Forest,-1,-1,0.49547736338374204
AAPL,1,2021-02-26,1,Random Forest,1,-1,0.397149880869783
AAPL,1,2021-03-01,1,Random Forest,1,-1,0.4213007212714223
AAPL,1,2021-03-02,1,Random Forest,-1,-1,0.402939465055523
AAPL,1,2021-03-03,1,Random Forest,-1,1,0.7087978158743673
AAPL,1,2021-03-04,1,Random Forest,-1,1,0.5632083211053881
AAPL,1,2021-03-05,1,Random Forest,1,1,0.6318145562579056
AAPL,1,2021-03-08,1,Random Forest,1,1,0.5057456738739157
AAPL,1,2021-03-09,1,Random Forest,-1,-1,0.41142421926246336
AAPL,1,2021-03-10,1,Random Forest,1,1,0.5038311512225423
AAPL,1,2021-03-11,1,Random Forest,1,-1,0.44999300360711836
AAPL,1,2021-03-12,1,Random Forest,1,-1,0.4152304953550631
AAPL,1,2021-03-15,1,Random Forest,1,-1,0.4912523810098155
AAPL,1,2021-03-16,1,Random Forest,-1,-1,0.30629058805246845
AAPL,1,2021-03-17,1,Random Forest,-1,-1,0.4368078073660454
AAPL,1,2021-03-18,1,Random Forest,-1,1,0.5574161918618618
AAPL,1,2021-03-19,1,Random Forest,1,-1,0.2833161032760993
AAPL,1,2021-03-22,1,Random Forest,1,-1,0.42016297006525044
AAPL,1,2021-03-23,1,Random Forest,-1,1,0.5452124135494811
AAPL,1,2021-03-24,1,Random Forest,1,-1,0.47803300328850684
AAPL,1,2021-03-25,1,Random Forest,1,-1,0.3524226873790169
AAPL,1,2021-03-26,1,Random Forest,1,-1,0.4477970132098557
AAPL,1,2021-03-29,1,Random Forest,-1,-1,0.34583261251642283
AAPL,1,2021-03-30,1,Random Forest,-1,-1,0.3062553314370566
AAPL,1,2021-03-31,1,Random Forest,-1,-1,0.25333483128025336
AAPL,1,2021-04-01,1,Random Forest,1,-1,0.22706736228442628
AAPL,1,2021-04-02,1,Random Forest,1,-1,0.3801312470017744
AAPL,1,2021-04-05,1,Random Forest,-1,-1,0.4875940400676851
AAPL,1,2021-04-06,1,Random Forest,-1,1,0.6078511728217412
AAPL,1,2021-04-07,1,Random Forest,-1,1,0.5738119861343075
AAPL,1,2021-04-08,1,Random Forest,-1,1,0.618612596413435
AAPL,1,2021-04-09,1,Random Forest,1,1,0.522029397476444
AAPL,1,2021-04-12,1,Random Forest,-1,1,0.601502453564214
AAPL,1,2021-04-13,1,Random Forest,-1,1,0.6585018326164245
AAPL,1,2021-04-14,1,Random Forest,-1,1,0.6466725480415453
AAPL,1,2021-04-15,1,Random Forest,1,1,0.5492732704167188
AAPL,1,2021-04-16,1,Random Forest,-1,-1,0.4714245684767346
AAPL,1,2021-04-19,1,Random Forest,1,1,0.5856035782437897
AAPL,1,2021-04-20,1,Random Forest,1,1,0.6185183624424124
AAPL,1,2021-04-21,1,Random Forest,-1,1,0.550513621907061
AAPL,1,2021-04-22,1,Random Forest,1,-1,0.41035845769651563
AAPL,1,2021-04-23,1,Random Forest,-1,1,0.5795847765938664
AAPL,1,2021-04-26,1,Random Forest,-1,1,0.52009057329493
AAPL,1,2021-04-27,1,Random Forest,-1,1,0.6289792963996618
AAPL,1,2021-04-28,1,Random Forest,1,1,0.7009763433223495
AAPL,1,2021-04-29,1,Random Forest,1,1,0.5999788567633876
AAPL,1,2021-04-30,1,Random Forest,1,1,0.5249678233122881
AAPL,1,2021-05-03,1,Random Forest,1,1,0.5966206894183238
AAPL,1,2021-05-04,1,Random Forest,1,-1,0.4502576715709773
AAPL,1,2021-05-05,1,Random Forest,-1,-1,0.4184495824771195
AAPL,1,2021-05-06,1,Random Forest,-1,-1,0.4966518367709554
AAPL,1,2021-05-07,1,Random Forest,1,-1,0.3641712867743592
AAPL,1,2021-05-10,1,Random Forest,1,-1,0.48772647086499255
AAPL,1,2021-05-11,1,Random Forest,1,-1,0.37287742770554977
AAPL,1,2021-05-12,1,Random Forest,1,-1,0.48366833388321867
AAPL,1,2021-05-13,1,Random Forest,1,-1,0.4409605107129324
AAPL,1,2021-05-14,1,Random Forest,1,-1,0.41357977136061846
AAPL,1,2021-05-17,1,Random Forest,-1,-1,0.3517608908587636
AAPL,1,2021-05-18,1,Random Forest,-1,-1,0.314217528435969
AAPL,1,2021-05-19,1,Random Forest,-1,-1,0.3079569968734575
AAPL,1,2021-05-20,1,Random Forest,1,-1,0.4184244585865037
AAPL,1,2021-05-21,1,Random Forest,1,-1,0.3235244394496971
AAPL,1,2021-05-24,1,Random Forest,1,-1,0.2838477409508626
AAPL,1,2021-05-25,1,Random Forest,1,-1,0.27676369331673184
AAPL,1,2021-05-26,1,Random Forest,1,-1,0.2821225329208302
AAPL,1,2021-05-27,1,Random Forest,1,-1,0.37849878174296897
AAPL,1,2021-05-28,1,Random Forest,1,-1,0.24686303587042918
AAPL,1,2021-05-31,1,Random Forest,-1,-1,0.34979662524480387
AAPL,1,2021-06-01,1,Random Forest,1,-1,0.3753572936984872
AAPL,1,2021-06-02,1,Random Forest,1,-1,0.4093760300308767
AAPL,1,2021-06-03,1,Random Forest,-1,-1,0.38181268540465535
AAPL,1,2021-06-04,1,Random Forest,-1,-1,0.33640553396280265
AAPL,1,2021-06-07,1,Random Forest,-1,-1,0.3544284362427093
AAPL,1,2021-06-08,1,Random Forest,1,1,0.5121838850603955
AAPL,1,2021-06-09,1,Random Forest,-1,-1,0.48390823581693676
AAPL,1,2021-06-10,1,Random Forest,1,1,0.5280031751435792
AAPL,1,2021-06-11,1,Random Forest,1,1,0.534639011981768
AAPL,1,2021-06-14,1,Random Forest,1,1,0.5207209651644249
AAPL,1,2021-06-15,1,Random Forest,1,1,0.5277792206407659
AAPL,1,2021-06-16,1,Random Forest,-1,1,0.5355786087298031
AAPL,1,2021-06-17,1,Random Forest,-1,1,0.5014039467426898
AAPL,1,2021-06-18,1,Random Forest,1,1,0.5739065960248764
AAPL,1,2021-06-21,1,Random Forest,-1,1,0.5033539871666679
AAPL,1,2021-06-22,1,Random Forest,1,-1,0.40876150802619154
AAPL,1,2021-06-23,1,Random Forest,1,1,0.5149539004885019
AAPL,1,2021-06-24,1,Random Forest,-1,-1,0.41514499981605296
AAPL,1,2021-06-25,1,Random Forest,-1,-1,0.4882167807512881
AAPL,1,2021-06-28,1,Random Forest,1,-1,0.4715861301382941
AAPL,1,2021-06-29,1,Random Forest,1,-1,0.4005986276552459
AAPL,1,2021-06-30,1,Random Forest,-1,-1,0.4430759157253231
AAPL,1,2021-07-01,1,Random Forest,-1,1,0.5042571666341334
AAPL,1,2021-07-02,1,Random Forest,-1,-1,0.48096414001220394
AAPL,1,2021-07-05,1,Random Forest,-1,-1,0.4685681901267488
AAPL,1,2021-07-06,1,Random Forest,-1,-1,0.42155534301509556
AAPL,1,2021-07-07,1,Random Forest,1,1,0.5879945741732362
AAPL,1,2021-07-08,1,Random Forest,-1,-1,0.46195953601295303
AAPL,1,2021-07-09,1,Random Forest,-1,-1,0.45562968595058867
AAPL,1,2021-07-12,1,Random Forest,1,1,0.5940969311814277
AAPL,1,2021-07-13,1,Random Forest,-1,1,0.6008915698973548
AAPL,1,2021-07-14,1,Random Forest,1,1,0.6065316888675837
AAPL,1,2021-07-15,1,Random Forest,-1,1,0.5774091756970504
AAPL,1,2021-07-16,1,Random Forest,-1,1,0.5752653827733376
AAPL,1,2021-07-19,1,Random Forest,-1,-1,0.4626621322768041
AAPL,1,2021-07-20,1,Random Forest,1,-1,0.34459073147114966
AAPL,1,2021-07-21,1,Random Forest,1,-1,0.4222344644527986
AAPL,1,2021-07-22,1,Random Forest,1,-1,0.36265266239083926
AAPL,1,2021-07-23,1,Random Forest,-1,-1,0.3677160206389388
AAPL,2,2021-07-26,1,XGBoost,-1,1,0.6483469009399414
AAPL,2,2021-07-27,1,XGBoost,1,-1,0.25042375922203064
AAPL,2,2021-07-28,1,XGBoost,-1,1,0.6173780560493469
AAPL,2,2021-07-29,1,XGBoost,-1,-1,0.31918492913246155
AAPL,2,2021-07-30,1,XGBoost,1,1,0.5578746795654297
AAPL,2,2021-08-02,1,XGBoost,1,-1,0.46020036935806274
AAPL,2,2021-08-03,1,XGBoost,1,1,0.584473729133606
AAPL,2,2021-08-04,1,XGBoost,-1,1,0.6912599802017212
AAPL,2,2021-08-05,1,XGBoost,-1,-1,0.4036530554294586
AAPL,2,2021-08-06,1,XGBoost,1,1,0.6632512211799622
AAPL,2,2021-08-09,1,XGBoost,-1,1,0.5594989657402039
AAPL,2,2021-08-10,1,XGBoost,-1,-1,0.4442192614078522
AAPL,2,2021-08-11,1,XGBoost,1,-1,0.32557034492492676
AAPL,2,2021-08-12,1,XGBoost,1,1,0.7777409553527832
AAPL,2,2021-08-13,1,XGBoost,-1,1,0.7781248092651367
AAPL,2,2021-08-16,1,XGBoost,-1,1,0.5187283158302307
AAPL,2,2021-08-17,1,XGBoost,1,1,0.6503109931945801
AAPL,2,2021-08-18,1,XGBoost,1,1,0.5643314123153687
AAPL,2,2021-08-19,1,XGBoost,-1,1,0.5253972411155701
AAPL,2,2021-08-20,1,XGBoost,1,-1,0.4802367687225342
AAPL,2,2021-08-23,1,XGBoost,-1,1,0.7402899265289307
AAPL,2,2021-08-24,1,XGBoost,-1,1,0.5035887360572815
AAPL,2,2021-08-25,1,XGBoost,-1,1,0.5532728433609009
AAPL,2,2021-08-26,1,XGBoost,1,-1,0.45251742005348206
AAPL,2,2021-08-27,1,XGBoost,1,-1,0.3329140841960907
AAPL,2,2021-08-30,1,XGBoost,1,-1,0.3824993371963501
AAPL,2,2021-08-31,1,XGBoost,-1,1,0.6974963545799255
AAPL,2,2021-09-01,1,XGBoost,1,1,0.5019381642341614
AAPL,2,2021-09-02,1,XGBoost,-1,1,0.5376393795013428
AAPL,2,2021-09-03,1,XGBoost,1,-1,0.49854132533073425
AAPL,2,2021-09-06,1,XGBoost,-1,1,0.5678867101669312
AAPL,2,2021-09-07,1,XGBoost,-1,1,0.6640191078186035
AAPL,2,2021-09-08,1,XGBoost,-1,1,0.546053409576416
AAPL,2,2021-09-09,1,XGBoost,1,1,0.5395882725715637
AAPL,2,2021-09-10,1,XGBoost,-1,1,0.8215116262435913
AAPL,2,2021-09-13,1,XGBoost,-1,1,0.6250855326652527
AAPL,2,2021-09-14,1,XGBoost,1,-1,0.3212704360485077
AAPL,2,2021-09-15,1,XGBoost,-1,1,0.5987518429756165
AAPL,2,2021-09-16,1,XGBoost,1,-1,0.2625618875026703
AAPL,2,2021-09-17,1,XGBoost,1,-1,0.49519598484039307
AAPL,2,2021-09-20,1,XGBoost,1,1,0.6650611758232117
AAPL,2,2021-09-21,1,XGBoost,-1,1,0.68747878074646
AAPL,2,2021-09-22,1,XGBoost,1,-1,0.358011394739151
AAPL,2,2021-09-23,1,XGBoost,1,1,0.5590429902076721
AAPL,2,2021-09-24,1,XGBoost,-1,1,0.663895845413208
AAPL,2,2021-09-27,1,XGBoost,1,-1,0.3895673453807831
AAPL,2,2021-09-28,1,XGBoost,1,1,0.5937955379486084
AAPL,2,2021-09-29,1,XGBoost,-1,-1,0.43581730127334595
AAPL,2,2021-09-30,1,XGBoost,-1,1,0.6683545112609863
AAPL,2,2021-10-01,1,XGBoost,1,-1,0.41561266779899597
AAPL,2,2021-10-04,1,XGBoost,-1,-1,0.32114970684051514
AAPL,2,2021-10-05,1,XGBoost,-1,-1,0.24878287315368652
AAPL,2,2021-10-06,1,XGBoost,1,1,0.5235865116119385
AAPL,2,2021-10-07,1,XGBoost,1,-1,0.48593655228614807
AAPL,2,2021-10-08,1,XGBoost,1,-1,0.45618554949760437
AAPL,2,2021-10-11,1,XGBoost,-1,1,0.7524033784866333
AAPL,2,2021-10-12,1,XGBoost,1,-1,0.4758739471435547
AAPL,2,2021-10-13,1,XGBoost,-1,1,0.6048479080200195
AAPL,2,2021-10-14,1,XGBoost,-1,1,0.6940487623214722
AAPL,2,2021-10-15,1,XGBoost,1,1,0.5178723335266113
AAPL,2,2021-10-18,1,XGBoost,-1,1,0.6825931072235107
AAPL,2,2021-10-19,1,XGBoost,-1,1,0.6843969225883484
AAPL,2,2021-10-20,1,XGBoost,1,-1,0.4012497663497925
AAPL,2,2021-10-21,1,XGBoost,-1,1,0.6538536548614502
AAPL,2,2021-10-22,1,XGBoost,1,1,0.5997005105018616
AAPL,2,2021-10-25,1,XGBoost,-1,1,0.5881086587905884
AAPL,2,2021-10-26,1,XGBoost,-1,1,0.7376669049263
AAPL,2,2021-10-27,1,XGBoost,-1,-1,0.344854474067688
AAPL,2,2021-10-28,1,XGBoost,1,-1,0.28249087929725647
AAPL,2,2021-10-29,1,XGBoost,1,1,0.6216186285018921
AAPL,2,2021-11-01,1,XGBoost,1,1,0.6649552583694458
AAPL,2,2021-11-02,1,XGBoost,1,1,0.5406555533409119
AAPL,2,2021-11-03,1,XGBoost,-1,1,0.8220880627632141
AAPL,2,2021-11-04,1,XGBoost,1,1,0.5488740801811218
AAPL,2,2021-11-05,1,XGBoost,1,1,0.770713210105896
AAPL,2,2021-11-08,1,XGBoost,1,1,0.516914963722229
AAPL,2,2021-11-09,1,XGBoost,1,-1,0.45571067929267883
AAPL,2,2021-11-10,1,XGBoost,1,1,0.6433199644088745
AAPL,2,2021-11-11,1,XGBoost,-1,1,0.5041528344154358
AAPL,2,2021-11-12,1,XGBoost,1,-1,0.418044775724411
AAPL,2,2021-11-15,1,XGBoost,-1,-1,0.44407927989959717
AAPL,2,2021-11-16,1,XGBoost,-1,-1,0.24807991087436676
AAPL,2,2021-11-17,1,XGBoost,-1,-1,0.24046869575977325
AAPL,2,2021-11-18,1,XGBoost,-1,1,0.5333077907562256
AAPL,2,2021-11-19,1,XGBoost,-1,1,0.5810842514038086
AAPL,2,2021-11-22,1,XGBoost,1,1,0.7146821022033691
AAPL,2,2021-11-23,1,XGBoost,1,1,0.7156988382339478
AAPL,2,2021-11-24,1,XGBoost,-1,1,0.7066181302070618
AAPL,2,2021-11-25,1,XGBoost,-1,1,0.6843627691268921
AAPL,2,2021-11-26,1,XGBoost,1,-1,0.3878106474876404
AAPL,2,2021-11-29,1,XGBoost,-1,-1,0.4244501292705536
AAPL,2,2021-11-30,1,XGBoost,-1,-1,0.3745797276496887
AAPL,2,2021-12-01,1,XGBoost,1,-1,0.49074703454971313
AAPL,2,2021-12-02,1,XGBoost,-1,-1,0.45420822501182556
AAPL,2,2021-12-03,1,XGBoost,-1,-1,0.3068237602710724
AAPL,2,2021-12-06,1,XGBoost,-1,-1,0.4727286696434021
AAPL,2,2021-12-07,1,XGBoost,1,1,0.6120292544364929
AAPL,2,2021-12-08,1,XGBoost,-1,1,0.5837613344192505
AAPL,2,2021-12-09,1,XGBoost,1,-1,0.4631648361682892
AAPL,2,2021-12-10,1,XGBoost,-1,1,0.6450321078300476
AAPL,2,2021-12-13,1,XGBoost,-1,-1,0.4944119155406952
AAPL,2,2021-12-14,1,XGBoost,1,1,0.7304625511169434
AAPL,2,2021-12-15,1,XGBoost,1,1,0.7598119974136353
AAPL,2,2021-12-16,1,XGBoost,1,-1,0.3561931550502777
AAPL,2,2021-12-17,1,XGBoost,1,1,0.5195812582969666
AAPL,2,2021-12-20,1,XGBoost,1,1,0.5157325267791748
AAPL,2,2021-12-21,1,XGBoost,1,1,0.805504322052002
AAPL,2,2021-12-22,1,XGBoost,-1,1,0.6659684181213379
AAPL,2,2021-12-23,1,XGBoost,1,1,0.530375599861145
AAPL,2,2021-12-24,1,XGBoost,1,1,0.5964574813842773
AAPL,2,2021-12-27,1,XGBoost,-1,1,0.6166264414787292
AAPL,2,2021-12-28,1,XGBoost,1,-1,0.4860009551048279
AAPL,2,2021-12-29,1,XGBoost,1,1,0.6568261384963989
AAPL,2,2021-12-30,1,XGBoost,-1,-1,0.49800100922584534
AAPL,2,2021-12-31,1,XGBoost,-1,-1,0.39330145716667175
AAPL,2,2022-01-03,1,XGBoost,1,-1,0.36041826009750366
AAPL,2,2022-01-04,1,XGBoost,1,-1,0.47719982266426086
AAPL,2,2022-01-05,1,XGBoost,-1,1,0.6471449732780457
AAPL,2,2022-01-06,1,XGBoost,-1,1,0.5998307466506958
AAPL,2,2022-01-07,1,XGBoost,-1,-1,0.2410849928855896
AAPL,2,2022-01-10,1,XGBoost,-1,-1,0.27157437801361084
AAPL,2,2022-01-11,1,XGBoost,1,-1,0.35970640182495117
AAPL,2,2022-01-12,1,XGBoost,1,1,0.667222797870636
AAPL,2,2022-01-13,1,XGBoost,-1,1,0.7462927103042603
AAPL,2,2022-01-14,1,XGBoost,1,1,0.6613364219665527
AAPL,2,2022-01-17,1,XGBoost,-1,1,0.69491046667099
AAPL,2,2022-01-18,1,XGBoost,1,-1,0.45695778727531433
AAPL,2,2022-01-19,1,XGBoost,-1,1,0.7959088683128357
AAPL,2,2022-01-20,1,XGBoost,-1,1,0.6488470435142517
AAPL,2,2022-01-21,1,XGBoost,-1,1,0.7648282051086426
AAPL,2,2022-01-24,1,XGBoost,-1,-1,0.3076726198196411
AAPL,2,2022-01-25,1,XGBoost,-1,-1,0.4122873544692993
AAPL,2,2022-01-26,1,XGBoost,1,-1,0.48592719435691833
AAPL,2,2022-01-27,1,XGBoost,-1,-1,0.43637147545814514
AAPL,2,2022-01-28,1,XGBoost,1,-1,0.31164708733558655
AAPL,2,2022-01-31,1,XGBoost,1,1,0.654469907283783
AAPL,2,2022-02-01,1,XGBoost,-1,1,0.7486624717712402
AAPL,2,2022-02-02,1,XGBoost,1,1,0.6799489259719849
AAPL,2,2022-02-03,1,XGBoost,1,1,0.7227679491043091
AAPL,2,2022-02-04,1,XGBoost,-1,1,0.7763799428939819
AAPL,2,2022-02-07,1,XGBoost,1,1,0.628898024559021
AAPL,2,2022-02-08,1,XGBoost,1,1,0.7877804636955261
AAPL,2,2022-02-09,1,XGBoost,-1,1,0.671351969242096
AAPL,2,2022-02-10,1,XGBoost,1,-1,0.3254961371421814
AAPL,2,2022-02-11,1,XGBoost,-1,1,0.5047503113746643
AAPL,2,2022-02-14,1,XGBoost,-1,-1,0.4234202802181244
AAPL,2,2022-02-15,1,XGBoost,1,-1,0.4741031229496002
AAPL,2,2022-02-16,1,XGBoost,-1,1,0.5265500545501709
AAPL,2,2022-02-17,1,XGBoost,1,-1,0.4679638743400574
AAPL,2,2022-02-18,1,XGBoost,-1,1,0.6657254099845886
AAPL,2,2022-02-21,1,XGBoost,-1,1,0.7933676242828369
AAPL,2,2022-02-22,1,XGBoost,-1,1,0.510177731513977
AAPL,2,2022-02-23,1,XGBoost,1,1,0.6308689117431641
AAPL,2,2022-02-24,1,XGBoost,1,1,0.6937204599380493
AAPL,2,2022-02-25,1,XGBoost,1,1,0.773687481880188
AAPL,2,2022-02-28,1,XGBoost,-1,1,0.5829771757125854
AAPL,2,2022-03-01,1,XGBoost,-1,1,0.6772772073745728
AAPL,2,2022-03-02,1,XGBoost,1,-1,0.49362871050834656
AAPL,2,2022-03-03,1,XGBoost,-1,1,0.7340859174728394
AAPL,2,2022-03-04,1,XGBoost,-1,-1,0.23487167060375214
AAPL,2,2022-03-07,1,XGBoost,1,-1,0.254285991191864
AAPL,2,2022-03-08,1,XGBoost,1,1,0.6676172018051147
AAPL,2,2022-03-09,1,XGBoost,-1,1,0.6394919753074646
AAPL,2,2022-03-10,1,XGBoost,1,-1,0.43541619181632996
AAPL,2,2022-03-11,1,XGBoost,-1,1,0.5472676157951355
AAPL,2,2022-03-14,1,XGBoost,-1,-1,0.4134284257888794
AAPL,2,2022-03-15,1,XGBoost,-1,-1,0.3181474208831787
AAPL,2,2022-03-16,1,XGBoost,-1,-1,0.48405760526657104
AAPL,2,2022-03-17,1,XGBoost,1,1,0.7280182242393494
AAPL,2,2022-03-18,1,XGBoost,-1,1,0.6360176205635071
AAPL,2,2022-03-21,1,XGBoost,1,-1,0.4836605191230774
AAPL,2,2022-03-22,1,XGBoost,1,1,0.5817288160324097
AAPL,2,2022-03-23,1,XGBoost,-1,1,0.6287699937820435
AAPL,2,2022-03-24,1,XGBoost,-1,1,0.542579710483551
AAPL,2,2022-03-25,1,XGBoost,1,1,0.6718671917915344
AAPL,2,2022-03-28,1,XGBoost,1,1,0.7195079326629639
AAPL,2,2022-03-29,1,XGBoost,1,1,0.780531108379364
AAPL,2,2022-03-30,1,XGBoost,-1,1,0.7586534023284912
AAPL,2,2022-03-31,1,XGBoost,-1,1,0.5688826441764832
AAPL,2,2022-04-01,1,XGBoost,1,1,0.6463976502418518
AAPL,2,2022-04-04,1,XGBoost,1,1,0.7763908505439758
AAPL,2,2022-04-05,1,XGBoost,-1,1,0.7244210839271545
AAPL,2,2022-04-06,1,XGBoost,-1,-1,0.46276357769966125
AAPL,2,2022-04-07,1,XGBoost,-1,-1,0.34862908720970154
AAPL,2,2022-04-08,1,XGBoost,1,-1,0.4053575098514557
AAPL,2,2022-04-11,1,XGBoost,-1,1,0.5294989943504333
AAPL,2,2022-04-12,1,XGBoost,-1,1,0.5978186726570129
AAPL,2,2022-04-13,1,XGBoost,-1,1,0.6108294725418091
AAPL,2,2022-04-14,1,XGBoost,-1,-1,0.33828479051589966
AAPL,2,2022-04-15,1,XGBoost,1,1,0.6162307858467102
AAPL,2,2022-04-18,1,XGBoost,1,1,0.7386412620544434
AAPL,2,2021-07-26,1,Random Forest,-1,1,0.6207251625200612
AAPL,2,2021-07-27,1,Random Forest,1,-1,0.3565532919442588
AAPL,2,2021-07-28,1,Random Forest,-1,1,0.6405611491354717
AAPL,2,2021-07-29,1,Random Forest,-1,-1,0.491695105361838
AAPL,2,2021-07-30,1,Random Forest,1,1,0.5456188570272281
AAPL,2,2021-08-02,1,Random Forest,1,1,0.5467874161809979
AAPL,2,2021-08-03,1,Random Forest,1,1,0.6133570855520443
AAPL,2,2021-08-04,1,Random Forest,-1,1,0.6133265419609288
AAPL,2,2021-08-05,1,Random Forest,-1,-1,0.470878770673253
AAPL,2,2021-08-06,1,Random Forest,1,1,0.5862042125940644
AAPL,2,2021-08-09,1,Random Forest,-1,1,0.5480999244757595
AAPL,2,2021-08-10,1,Random Forest,-1,1,0.5079038299897489
AAPL,2,2021-08-11,1,Random Forest,1,-1,0.45120901472027153
AAPL,2,2021-08-12,1,Random Forest,1,1,0.7173344125408305
AAPL,2,2021-08-13,1,Random Forest,-1,1,0.6881370656653372
AAPL,2,2021-08-16,1,Random Forest,-1,1,0.5536075234424371
AAPL,2,2021-08-17,1,Random Forest,1,1,0.5422984202697827
AAPL,2,2021-08-18,1,Random Forest,1,1,0.5542401874398212
AAPL,2,2021-08-19,1,Random Forest,-1,1,0.6246418696489417
AAPL,2,2021-08-20,1,Random Forest,1,-1,0.47889928642542123
AAPL,2,2021-08-23,1,Random Forest,-1,1,0.6179342099362134
AAPL,2,2021-08-24,1,Random Forest,-1,-1,0.43100613225775725
AAPL,2,2021-08-25,1,Random Forest,-1,1,0.5611037748332451
AAPL,2,2021-08-26,1,Random Forest,1,-1,0.4661209994033085
AAPL,2,2021-08-27,1,Random Forest,1,1,0.5123645473784673
AAPL,2,2021-08-30,1,Random Forest,1,-1,0.48620902055877296
AAPL,2,2021-08-31,1,Random Forest,-1,1,0.6003396581314985
AAPL,2,2021-09-01,1,Random Forest,1,1,0.5879226547442931
AAPL,2,2021-09-02,1,Random Forest,-1,1,0.5622380103676805
AAPL,2,2021-09-03,1,Random Forest,1,-1,0.3885670877033716
AAPL,2,2021-09-06,1,Random Forest,-1,1,0.5035540962288753
AAPL,2,2021-09-07,1,Random Forest,-1,1,0.6398350407181425
AAPL,2,2021-09-08,1,Random Forest,-1,1,0.5067067618924908
AAPL,2,2021-09-09,1,Random Forest,1,1,0.5826948085005671
AAPL,2,2021-09-10,1,Random Forest,-1,1,0.5788246785931934
AAPL,2,2021-09-13,1,Random Forest,-1,1,0.5314221535156628
AAPL,2,2021-09-14,1,Random Forest,1,-1,0.400162931752343
AAPL,2,2021-09-15,1,Random Forest,-1,1,0.5670145327753561
AAPL,2,2021-09-16,1,Random Forest,1,-1,0.4917435169691151
AAPL,2,2021-09-17,1,Random Forest,1,1,0.6432380795134554
AAPL,2,2021-09-20,1,Random Forest,1,1,0.6183013734556316
AAPL,2,2021-09-21,1,Random Forest,-1,1,0.6086575971242283
AAPL,2,2021-09-22,1,Random Forest,1,-1,0.44751692268053767
AAPL,2,2021-09-23,1,Random Forest,1,1,0.5598101701896853
AAPL,2,2021-09-24,1,Random Forest,-1,1,0.5820850799552818
AAPL,2,2021-09-27,1,Random Forest,1,-1,0.4757413846576115
AAPL,2,2021-09-28,1,Random Forest,1,1,0.5683053902533042
AAPL,2,2021-09-29,1,Random Forest,-1,1,0.5375376232917788
AAPL,2,2021-09-30,1,Random Forest,-1,1,0.5410686579583486
AAPL,2,2021-10-01,1,Random Forest,1,1,0.5684174928629626
AAPL,2,2021-10-04,1,Random Forest,-1,1,0.5154218276359225
AAPL,2,2021-10-05,1,Random Forest,-1,-1,0.32508292036450465
AAPL,2,2021-10-06,1,Random Forest,1,-1,0.41892605401079497
AAPL,2,2021-10-07,1,Random Forest,1,1,0.5329406775872586
AAPL,2,2021-10-08,1,Random Forest,1,1,0.5999289383534063
AAPL,2,2021-10-11,1,Random Forest,-1,1,0.6084042729291164
AAPL,2,2021-10-12,1,Random Forest,1,1,0.5241842089280969
AAPL,2,2021-10-13,1,Random Forest,-1,1,0.6219530870549391
AAPL,2,2021-10-14,1,Random Forest,-1,1,0.5349980312205311
AAPL,2,2021-10-15,1,Random Forest,1,-1,0.48671335444437075
AAPL,2,2021-10-18,1,Random Forest,-1,1,0.6293367147928985
AAPL,2,2021-10-19,1,Random Forest,-1,1,0.6300263521221725
AAPL,2,2021-10-20,1,Random Forest,1,-1,0.34339161829575754
AAPL,2,2021-10-21,1,Random Forest,-1,1,0.5760443481226937
AAPL,2,2021-10-22,1,Random Forest,1,-1,0.41408873820877967
AAPL,2,2021-10-25,1,Random Forest,-1,1,0.6116692365426771
AAPL,2,2021-10-26,1,Random Forest,-1,1,0.5305385529539519
AAPL,2,2021-10-27,1,Random Forest,-1,-1,0.40844541848559923
AAPL,2,2021-10-28,1,Random Forest,1,-1,0.4033242291336017
AAPL,2,2021-10-29,1,Random Forest,1,1,0.675759116614419
AAPL,2,2021-11-01,1,Random Forest,1,1,0.6548663512660591
AAPL,2,2021-11-02,1,Random Forest,1,-1,0.49220676773306204
AAPL,2,2021-11-03,1,Random Forest,-1,1,0.600876247922803
AAPL,2,2021-11-04,1,Random Forest,1,-1,0.4376968335359738
AAPL,2,2021-11-05,1,Random Forest,1,1,0.701356618778805
AAPL,2,2021-11-08,1,Random Forest,1,-1,0.4919888797493068
AAPL,2,2021-11-09,1,Random Forest,1,1,0.5001649106883218
AAPL,2,2021-11-10,1,Random Forest,1,1,0.6000342759566875
AAPL,2,2021-11-11,1,Random Forest,-1,1,0.5738080173742778
AAPL,2,2021-11-12,1,Random Forest,1,-1,0.3415891305638227
AAPL,2,2021-11-15,1,Random Forest,-1,1,0.5705341945593376
AAPL,2,2021-11-16,1,Random Forest,-1,-1,0.355763048876357
AAPL,2,2021-11-17,1,Random Forest,-1,-1,0.34585412560307993
AAPL,2,2021-11-18,1,Random Forest,-1,-1,0.47740300124115653
AAPL,2,2021-11-19,1,Random Forest,-1,1,0.5402195078246042
AAPL,2,2021-11-22,1,Random Forest,1,1,0.5341311202523266
AAPL,2,2021-11-23,1,Random Forest,1,1,0.6886955685825461
AAPL,2,2021-11-24,1,Random Forest,-1,1,0.6075086518299047
AAPL,2,2021-11-25,1,Random Forest,-1,1,0.5879443882663743
AAPL,2,2021-11-26,1,Random Forest,1,-1,0.40362464381653096
AAPL,2,2021-11-29,1,Random Forest,-1,1,0.5506431788017817
AAPL,2,2021-11-30,1,Random Forest,-1,1,0.5118570549568399
AAPL,2,2021-12-01,1,Random Forest,1,1,0.5178975808203338
AAPL,2,2021-12-02,1,Random Forest,-1,1,0.5209677077139179
AAPL,2,2021-12-03,1,Random Forest,-1,-1,0.41846371977067437
AAPL,2,2021-12-06,1,Random Forest,-1,1,0.5709481231689935
AAPL,2,2021-12-07,1,Random Forest,1,1,0.6280563714899058
AAPL,2,2021-12-08,1,Random Forest,-1,1,0.6108155958218716
AAPL,2,2021-12-09,1,Random Forest,1,1,0.5858005232850262
AAPL,2,2021-12-10,1,Random Forest,-1,1,0.6617766656910382
AAPL,2,2021-12-13,1,Random Forest,-1,-1,0.4919972945264509
AAPL,2,2021-12-14,1,Random Forest,1,1,0.6351607166128371
AAPL,2,2021-12-15,1,Random Forest,1,1,0.6420366653815418
AAPL,2,2021-12-16,1,Random Forest,1,1,0.5290914493424996
AAPL,2,2021-12-17,1,Random Forest,1,1,0.5202541077822264
AAPL,2,2021-12-20,1,Random Forest,1,1,0.5365482612051058
AAPL,2,2021-12-21,1,Random Forest,1,1,0.5735197859181073
AAPL,2,2021-12-22,1,Random Forest,-1,1,0.5080716155205346
AAPL,2,2021-12-23,1,Random Forest,1,-1,0.3639392707695761
AAPL,2,2021-12-24,1,Random Forest,1,1,0.5578305251083897
AAPL,2,2021-12-27,1,Random Forest,-1,1,0.641309397340606
AAPL,2,2021-12-28,1,Random Forest,1,-1,0.43733558739892714
AAPL,2,2021-12-29,1,Random Forest,1,1,0.6581260179043517
AAPL,2,2021-12-30,1,Random Forest,-1,1,0.5932186129649732
AAPL,2,2021-12-31,1,Random Forest,-1,-1,0.4121904641304391
AAPL,2,2022-01-03,1,Random Forest,1,-1,0.45270608045829785
AAPL,2,2022-01-04,1,Random Forest,1,1,0.5247500879592373
AAPL,2,2022-01-05,1,Random Forest,-1,1,0.6389782594189695
AAPL,2,2022-01-06,1,Random Forest,-1,1,0.6030275329018326
AAPL,2,2022-01-07,1,Random Forest,-1,-1,0.3538968474347022
AAPL,2,2022-01-10,1,Random Forest,-1,-1,0.4514291272249109
AAPL,2,2022-01-11,1,Random Forest,1,1,0.5401067983968109
AAPL,2,2022-01-12,1,Random Forest,1,1,0.6233627714751693
AAPL,2,2022-01-13,1,Random Forest,-1,1,0.5800372464133764
AAPL,2,2022-01-14,1,Random Forest,1,1,0.6053293095190319
AAPL,2,2022-01-17,1,Random Forest,-1,1,0.6278270889877794
AAPL,2,2022-01-18,1,Random Forest,1,-1,0.4062012721108588
AAPL,2,2022-01-19,1,Random Forest,-1,1,0.6611073563827001
AAPL,2,2022-01-20,1,Random Forest,-1,1,0.5789416685458639
AAPL,2,2022-01-21,1,Random Forest,-1,1,0.6495237394562573
AAPL,2,2022-01-24,1,Random Forest,-1,-1,0.45212661883652516
AAPL,2,2022-01-25,1,Random Forest,-1,1,0.6239785829015102
AAPL,2,2022-01-26,1,Random Forest,1,1,0.603544183405107
AAPL,2,2022-01-27,1,Random Forest,-1,1,0.5476716987546053
AAPL,2,2022-01-28,1,Random Forest,1,-1,0.44244203075575206
AAPL,2,2022-01-31,1,Random Forest,1,1,0.5524597526413222
AAPL,2,2022-02-01,1,Random Forest,-1,1,0.6668248629064045
AAPL,2,2022-02-02,1,Random Forest,1,1,0.5798590326129817
AAPL,2,2022-02-03,1,Random Forest,1,1,0.6410396045813817
AAPL,2,2022-02-04,1,Random Forest,-1,1,0.6851504931822294
AAPL,2,2022-02-07,1,Random Forest,1,1,0.5174386834000493
AAPL,2,2022-02-08,1,Random Forest,1,1,0.6845976705474823
AAPL,2,2022-02-09,1,Random Forest,-1,1,0.576560787896514
AAPL,2,2022-02-10,1,Random Forest,1,-1,0.33845865526078883
AAPL,2,2022-02-11,1,Random Forest,-1,1,0.621070462170926
AAPL,2,2022-02-14,1,Random Forest,-1,1,0.5418534463125062
AAPL,2,2022-02-15,1,Random Forest,1,1,0.5204632242824887
AAPL,2,2022-02-16,1,Random Forest,-1,1,0.6756035591097842
AAPL,2,2022-02-17,1,Random Forest,1,1,0.5280397598500695
AAPL,2,2022-02-18,1,Random Forest,-1,1,0.6349543959689422
AAPL,2,2022-02-21,1,Random Forest,-1,1,0.527770887275155
AAPL,2,2022-02-22,1,Random Forest,-1,1,0.5157442649217918
AAPL,2,2022-02-23,1,Random Forest,1,-1,0.4519770438481195
AAPL,2,2022-02-24,1,Random Forest,1,1,0.583584303091289
AAPL,2,2022-02-25,1,Random Forest,1,1,0.598913613502305
AAPL,2,2022-02-28,1,Random Forest,-1,1,0.536661029381621
AAPL,2,2022-03-01,1,Random Forest,-1,1,0.5404349213579018
AAPL,2,2022-03-02,1,Random Forest,1,-1,0.49533498680367344
AAPL,2,2022-03-03,1,Random Forest,-1,1,0.5598205209890951
AAPL,2,2022-03-04,1,Random Forest,-1,-1,0.38620264227760837
AAPL,2,2022-03-07,1,Random Forest,1,-1,0.4230776613110326
AAPL,2,2022-03-08,1,Random Forest,1,1,0.6313325793808987
AAPL,2,2022-03-09,1,Random Forest,-1,1,0.6287412332146641
AAPL,2,2022-03-10,1,Random Forest,1,1,0.5977450885070067
AAPL,2,2022-03-11,1,Random Forest,-1,1,0.5669063022041101
AAPL,2,2022-03-14,1,Random Forest,-1,-1,0.4799614788027179
AAPL,2,2022-03-15,1,Random Forest,-1,-1,0.43011006289191606
AAPL,2,2022-03-16,1,Random Forest,-1,1,0.6219276409413075
AAPL,2,2022-03-17,1,Random Forest,1,1,0.6446919277307277
AAPL,2,2022-03-18,1,Random Forest,-1,1,0.6345271543653928
AAPL,2,2022-03-21,1,Random Forest,1,1,0.6026185980241769
AAPL,2,2022-03-22,1,Random Forest,1,1,0.5527705565016708
AAPL,2,2022-03-23,1,Random Forest,-1,1,0.5773607636339217
AAPL,2,2022-03-24,1,Random Forest,-1,-1,0.4698899567515577
AAPL,2,2022-03-25,1,Random Forest,1,1,0.566026258537139
AAPL,2,2022-03-28,1,Random Forest,1,1,0.5277081980895595
AAPL,2,2022-03-29,1,Random Forest,1,1,0.6053758047850388
AAPL,2,2022-03-30,1,Random Forest,-1,1,0.6384673753538087
AAPL,2,2022-03-31,1,Random Forest,-1,-1,0.4872263527949269
AAPL,2,2022-04-01,1,Random Forest,1,1,0.5555245828768889
AAPL,2,2022-04-04,1,Random Forest,1,1,0.6363753995150865
AAPL,2,2022-04-05,1,Random Forest,-1,1,0.6418256125690359
AAPL,2,2022-04-06,1,Random Forest,-1,1,0.5168347402856762
AAPL,2,2022-04-07,1,Random Forest,-1,-1,0.43966446799199277
AAPL,2,2022-04-08,1,Random Forest,1,-1,0.4483693090507409
AAPL,2,2022-04-11,1,Random Forest,-1,1,0.5712755066379082
AAPL,2,2022-04-12,1,Random Forest,-1,1,0.5172729293291499
AAPL,2,2022-04-13,1,Random Forest,-1,1,0.5560628717189903
AAPL,2,2022-04-14,1,Random Forest,-1,-1,0.4314475198832129
AAPL,2,2022-04-15,1,Random Forest,1,1,0.5284653512636791
AAPL,2,2022-04-18,1,Random Forest,1,1,0.5201934271880853
